item_id,Predicted Rating
276,5.149022656149975
408,4.6081086144364445
483,4.295586657433798
275,4.214321385115463
430,4.193998101596601
508,4.183115133124418
433,4.1813674213281775
474,4.18022340491415
511,4.175836633238273
285,4.165755615109139
